{
  "target_metric": "conversions",
  "n_trials": 50,
  "lightgbm": {
    "params": {
      "learning_rate": 0.022577918288179042,
      "num_leaves": 31,
      "min_data_in_leaf": 5,
      "feature_fraction": 0.7480676575030005,
      "bagging_fraction": 0.8010646774387342,
      "bagging_freq": 0,
      "lambda_l1": 0.01282054509183455,
      "lambda_l2": 1.290799787698148e-06
    },
    "val_mae": 0.2508745503285892
  },
  "xgboost": {
    "params": {
      "eta": 0.23155149460227067,
      "max_depth": 5,
      "min_child_weight": 4.359651337776392,
      "subsample": 0.6494163889034419,
      "colsample_bytree": 0.9541836653321308,
      "reg_lambda": 0.0019359636970415106,
      "reg_alpha": 3.762068813399064e-08
    },
    "val_mae": 0.24540987618271892
  }
}