{
  "target_metric": "conversions",
  "n_trials": 50,
  "lightgbm": {
    "params": {
      "learning_rate": 0.0230191462925734,
      "num_leaves": 32,
      "min_data_in_leaf": 11,
      "feature_fraction": 0.5841353722796252,
      "bagging_fraction": 0.9527979513972848,
      "bagging_freq": 3,
      "lambda_l1": 0.6154683189746912,
      "lambda_l2": 1.0563373137789608e-05
    },
    "val_mae": 0.3695011962659817
  },
  "xgboost": {
    "params": {
      "eta": 0.13673357694547536,
      "max_depth": 3,
      "min_child_weight": 11.19132514635336,
      "subsample": 0.9905082226450437,
      "colsample_bytree": 0.9183820262604135,
      "reg_lambda": 0.031618601408662995,
      "reg_alpha": 2.3055495567259623
    },
    "val_mae": 0.3043016921207064
  }
}